Grass Valley  California,http://travelingrvwx.com,39.20432,-121.08081,
Mesa  Arizona,http://www.tnetweather.com,33.4026,-111.8831,
Sherman  Connecticut,http://www.shermanctweather.com/,41.58099,-73.49193,
Macon  Georgia,http://www.frankpinkston.com/weather/,32.83968,-83.62758,
Jacksonville  Florida,http://jaxweather.net/,30.33136,-81.6558,
San Diego  California,http://www.waterlilyweather.com/,32.7157,-117.16172,
Montara  California,http://www.realweatherstation.com/wxm/montwx.htm,37.54231,-122.515,
Shasta County California,http://shasta.realweatherstation.com/ShastaCo.htm,40.73547,-122.19425,
Des Moines  Iowa,http://home.mchsi.com/~dsmweather,41.58978,-93.61567,
Oakley  Utah,http://www.weberweather.com,40.71485,-111.2989,
Boulder Creek  California,http://www.rawbits.com/weather/,37.12606,-122.12667,
Thornhurst  Pennsylvania,http://home.ptd.net/~mikeym,41.20746,-75.6097,
Corinth  Mississippi,http://www.corinthweather.com,34.92904,-88.53081,
Hemet  California,http://www.easthemet.com,33.7494,-116.96789,
Makakilo  Hawaii,http://www.hawaiiss.com/weather,21.34428,-158.08005,
Little Switzerland  North Carolina,http://littleswitzerlandweather.info/BFCweather.html,35.8474,-82.09266,
Gainesville  Florida,http://www.misterweatherman.com,29.65195,-82.32318,
Hampton  Virginia,http://members.cox.net/blackmoreweather/index.shtml,37.02781,-76.34512,
Oviedo  Florida,http://www.picolio.com/,28.65253,-81.20282,
Manchester  New Hampshire,http://www.windgust.com/live,42.99117,-71.46312,
Wamic  Oregon,http://rockcreekweather.com,45.21839,-121.39633,
Colebrook  New Hampshire,http://home.lmr.com/weather/,44.9287,-71.4614,
East Hartford  Connecticut,http://www.miele-family.com/weather/,41.76645,-72.64546,
Tucson  Arizona,http://frogville.us,32.22155,-110.96977,
Wood Ridge  New Jersey,http://www.northjerseyweather.com,40.84421,-74.08749,
Hemet  California,http://www.hemetweather.com,33.734619,-116.952553,
Bear Valley  California,http://www.ourbv.com/weather/BVWeather.htm,37.56907,-120.11923,
Youngtown  Arizona,http://aztripamer.net/,33.59404,-112.30092,
Whittier  California,http://www.whittier-weather.com,33.97539,-118.03442,
Cortland  Ohio,http://home.neo.rr.com/mikeaaron/Cortland_Ohio.htm,41.33932,-80.72318,
Prior Lake  Minnesota,http://kb9zi.com/WDLive/,44.71525,-93.42605,
South Erin  New York,http://southerin-ny.org/wx.php,42.18509,-76.66797,
Mission  Texas,http://weather.candasolar.com/,26.21534,-98.32581,
Carter Lake  Iowa,http://www.carterlake.org/,41.28493,-95.91707,
Fairbanks  Alaska,http://wulik.com/,64.8452,-147.72212,
Sterling Run  Pennsylvania,http://sterlingrun.com/,41.42306,-78.18411,
Murrieta  California,http://www.murrietacaliforniaweather.com/,33.53266,-117.18086,
Enterprise  Oregon,http://www.enterpriseweather.com/,45.42596,-117.27758,
Lansing  Michigan,http://www.billtrip.net/,42.73202,-84.55225,
Dawsonville  Georgia,http://www.northgaweather.com/,34.42127,-84.11694,
Venice  Florida,http://www.sarasota.k12.fl.us/vhs/weather/,27.09944,-82.45004,
Amicalola Falls  Georgia,http://www.amicalola-weather.com/,34.563979,-84.239639,
New Holland  Pennsylvania,http://www.nhpaweather.com/weather.php,40.10378,-76.08586,
Truckee  California,http://www.weather.snowshoetruckee.com/,39.32614,-120.21215,
Browns Valley  California,http://bvwx.com/,39.288604,-121.336076,
Lexington  South Carolina,http://www.sparrowpointe.com/,33.9863,-81.1487,
St. Charles  Missouri,http://www.dhoward.net/SaintCharles,MO.htm,38.782458,-90.482025
Lakeport  New York,http://www.crazydavesweather.com/,43.14525,-75.87118,
Granada Hills  California,http://www.mogur.com/,34.26394,-118.49792,
Lake Park  Florida,http://www.lakeparkweather.homestead.com/,26.79852,-80.06357,
Roanoke  Virgina,http://www.weatherroanoke.com/wxst/,37.27152,-79.94053,
Mt. Sini  New York,http://www.msweather.org/,40.94664,-73.02158,
Syracuse  Nebraska,http://www.rondianetyler.com/weather/,40.65763,-96.17907,
Clovis  California,http://www.clovisweather.com/,36.82396,-119.69658,
Marsing  Idaho,http://emasonvillewx.no-ip.org/weather/weather%20home.php,43.5453,-116.80955,
Jamestown  Pennsylvania,http://www.jamestownpaweather.com/,41.4852,-80.43755,
Valley Stream  Long Island  NY,http://www.billyswxstation.com/,40.66404,-73.70851,
Lodi  California,http://www.patricksweeneydds.com/wx.html,38.13015,-121.27597,
Basin  Wyoming,http://www.basinweather.com/,44.38111,-108.03971,
Portland  Oregon,http://www.pdx-wx.com/,45.5118,-122.67565,
West Hill  New Hartford  Connecticut,http://home.earthlink.net/~gerardhome/doug.htm,41.873152,-73.022328,
Tehachapi Pass  California,http://tehachapi-pass-weather.net/wx.html,35.14263,-118.48999,
Pittsburg  New Hampshire,http://www.johnsnhweather.com/,45.05153,-71.39029,
Stow  Massachusetts,http://www.observingstars.com/,42.43662,-71.50589,
Mckinney  Texas,http://www.k5bl.net/weather/K5BL.htm,33.19895,-96.61497,
Decatur  Texas,http://www.wildwoodnaturist.com/Weather/,33.23473,-97.58598,
Deerfield Beach  Florida,http://www.ka4eps.com/,26.32004,-80.09977,
St. James City  Florida,http://weather.anolecomputer.com/,26.5099,-82.08302,
Alameda  California,http://www.onshakyground.com/weather/,37.7666,-122.24473,
Nashua  New Hampshire,http://mysite.verizon.net/ddillaby/,42.75835,-71.46423,
Racine  Wisconsin,http://home.wi.rr.com/vallone/,42.72521,-87.79039,
Greenfield  Wisconsin,http://itsyourweather.com/index.html,42.96597,-88.00498,
Smithsburg  Maryland,http://weather4smithsburg.com,39.65434,-77.57254,
Hollywood  Maryland,http://quickskys.com/,38.34578,-76.57251,
Brookeville  Maryland,http://mywebpages.comcast.net/dshelms/wx.html,39.18001,-77.0585,
Dayton  Maryland,http://www.rimpo.org/weather,39.24143,-76.99077,
Elkton  Maryland,http://elktonmd.weather-watch.com,39.60857,-75.83011,
Halethorpe  Maryland,http://halethorpe.weather-watch.com,39.24923,-76.68784,
Hays  Kansas,http://www.jbrooksks.com/wx.html,38.87094,-99.33224,
Perrysburg  Ohio,http://members.buckeye-express.com/fullwave2/wdl/,41.55763,-83.62823,
De Soto  Wisconsin,http://www.desotowiwx.com/,43.42281,-91.19925,
Reubens  Idaho,http://www.theobrienranch.com/wx/wx.htm,46.32552,-116.53566,
Billings  Oklahoma,https://www.itlnet.net/users/tdolezal/,36.5294,-97.44532,
Jacksonville  Florida,http://www.rivercityweather.net/,30.330805,-81.705322,
Coventry  Rhode Island,http://coventry.weather-watch.com/,41.70093,-71.5897,
Dacono  Colorado,http://www.kaplanweather.com/,40.085821,-104.937115,
Kirkland  Washington,http://KirklandWeather.com,47.67883,-122.20724,
Lakeland  Florida,http://www.kn4lf.com/index.html,27.949526,-81.940155,
Astoria  Oregon,http://www.brevins.com/webcam,46.18975,-123.83394,
Grand Rapids  Michigan,http://grrwx.com/,42.96639,-85.67118,
Four Hills  SE Albuquerque  New Mexico,http://rhizotech.net/weather/weather.html,35.0602,-106.49518,
Pueblo  Colorado,http://www.pueblo-usa.com/jakedog.htm,38.26386,-104.61237,
San Antonio  Texas,http://www.satxweather.com,29.42449,-98.49462,
Knoxville  Tennessee,http://www.powellweather.com/,35.96053,-83.92081,
Broomfield  Colorado,http://www.broomfieldweather.com/,39.91954,-105.06984,
Relay  Maryland,http://www.relayweather.com,39.22761,-76.70345,
Placentia  California,http://wx.aprsca.net/,33.87114,-117.8614,
Kincaid  Illinois,http://www.weather.under-1-roof.com/,39.58941,-89.42011,
Morris  Illinois,http://www.gooselakeweather.com/,41.35865,-88.42492,
Lexington  Kentucky,http://www.baughn.net/weather/live.html,38.04859,-84.50032,
Asheville  North Carolina,http://www.sunset-weather.com/,35.59846,-82.55314,
Kalama  Washington,http://www.docmarvweather.com/,46.0081,-122.84224,
Yuma  Arizona,http://www.weather.kq5s.com/wd/,32.68485,-114.62461,
Glendive  Montana,http://chucksweather.com/,47.10614,-104.71462,
Cantonment  Florida,http://home.panhandle.rr.com/dcsmith/,30.60849,-87.32712,
Marstons Mills  Massachusetts,http://www.austinhealey.net/webfiles/noname.htm,41.65514,-70.41215,
Bemidji  Minnesota,http://www.bemidjiwx.com/,47.47314,-94.87965,
Rochester  New York,http://rochesterweather.myserver.org/,43.15548,-77.61598,
Morgan Hill  California,http://www.casacecere.com/,37.12537,-121.66134,
Kalamazoo  Michagan,http://www.kazooweather.com/,42.29243,-85.60111,
Makawao  Maui  Hawaii,http://www.dwayneyamato.com/wx/Weather.html,20.8535,-156.3107,
Granbury  Texas,http://www.lesdiefenbach.org/wx/,32.44236,-97.79429,
Lake Vera  Nevada City  California,http://www.hankinnc.com/,39.28926,-121.02862,
Norway  Michigan,http://www.norwaymountain.com/wx_data/norwaymtn.php,45.78916,-87.90757,
Como  Colorado,http://www.southparkwx.com/,39.31579,-105.89307,
Hillsboro  New Hampshire,http://home.comcast.net/~t-matisko/N1SKZ.htm,43.1443,-71.93272,
Union City  California,http://ucweather.org/,37.58837,-122.02592,
Pocono Summit  Pennsylvania,http://mysite.verizon.net/franbarb/index.htm,41.1127,-75.38665,
Springdale  Arkansas,http://www.gmterry.org/weather/,36.18505,-94.13036,
Bear River  Wyoming,http://www.br-weather.com,41.4052,-111.0216,
McLean  Virginia,http://www.gannett.com/weather/tysons.html,38.93654,-77.18427,
Montgomery  Alabama,http://www.KK4A.com/,32.38012,-86.30063,
Hooksett  New Hampshire,http://www.windgust.com/live1,43.09705,-71.46516,
Morehead City  North Carolina,http://home.earthlink.net/~ctccbc/main.html,34.7218,-76.71754,
Newtown  Pennsylvania,http://www.newtownweather.com,40.22988,-74.93662,
Volcano  California,http://www.blandranch.net/wx/,38.44271,-120.63119,
Eau Claire  Wisconsin,http://my.execpc.com/~reid1/,44.81651,-91.50123,
Aransas Pass  Texas,http://www.flyrodders.net,27.90371,-97.14854,
Walker  Michigan,http://www.thanko.info/,43.00656,-85.77445,
Clearwater  Florida,http://www.pinellascounty.org/weather/index.html,27.9656,-82.80057,
Powell  Wyoming,http://www.powellweather.net/,44.7535,-108.75898,
Chubbuck  Idaho,http://www.weather-plus.net/,42.92952,-112.46646,
Sekiu  Washington,http://www.olsonsresort.com/weather/index.html,48.25979,-124.30043,
Mauston  Wisconsin,http://jcweather.us/,43.79575,-90.07257,
Leyner  Colorado,http://www.leyner.org,40.05215,-105.10265,
Bloomington  Illinois,http://www.prairieland.biz/weather/,40.48501,-88.99771,
Johnstown  Pennsylvania,http://www.johnstownpaweather.com/,40.32726,-78.91835,
Shreveport  Louisiana,http://www.sohiweather.com/,32.51461,-93.74727,
Rock Hall  Maryland,http://www.belcak.com/,39.13191,-76.23222,
Eagle Creek  Oregon,http://www.kisernursery.com/weather/,45.35965,-122.36135,
Joseph  Oregon,http://www.josephoregonweather.com/,45.35191,-117.22987,
Syracuse  Utah,http://www.syracuseutweather.com/,41.08828,-112.06458,
Pushaw Lake  Hudson Maine,http://www.pushawlake.net/,44.938665,-68.804835,
Cocolalla  Idaho,http://www.wamartinelli.com/,48.10739,-116.61772,
Munster  Indiana,http://www.preslin.com/,41.56057,-87.50384,
Vail  Arizona,http://vailaz.com,32.04784,-110.71199,
Richmond  Virigina,http://www.oneredfrog.com/,37.54055,-77.43342,
Statesville  North Carolina,http://www.statesvilleweather.net/,35.78534,-80.8887,
Reading  Pennsylvania,http://www.chipperdog.com/weather/weather.html,40.33658,-75.92784,
Roswell  Georgia,http://www.larryscohen.com/weather,34.02168,-84.3603,
Gulf Shores  Alabama,http://gswx.net/,30.27732,-87.6831,
South Weber  Utah,http://www.southweberweather.com/Weather/SWWP/WD/WD-Live/,41.13302,-111.93878,
Berlin  Connecticut,http://www.centralctweather.com,41.626607,-72.770176,
Hermitage  Tennessee,http://www.weatherstationwillis.com/,36.19985,-86.62065,
Meeker  Colorado,http://www.meekerweather.com/,38.740278,-108.090833,
Traverse City  Michigan,http://jdstrattonelectric.com/weather/weather.html,44.75999,-85.61587,
Newburgh  Indiana,http://www.tristate-weather.com/,37.94461,-87.40584,
Sunnyvale  California,http://home.pacbell.net/ian_h/Allison.htm,37.37159,-122.03824,
Montana City  Montana,http://montanacity.home.bresnan.net/MontanaCity.html,46.53602,-111.93507,
Hawthorne  New York,http://www.jvaweather.com/,41.09739,-73.79471,
Welfare  Texas,http://www.welfare-tx.com/,29.92058,-98.78604,
Webster  New York,http://www.cdcpcconsulting.com/weather/,43.2173,-77.43018,
Bath  Maine,http://www.bathmaineweather.com/,43.91307,-69.81416,
Westmoreland  New York,http://www.cnyweather.com/,43.11673,-75.40268,
Easthampton  Massachusetts,http://www.ehweather.com/,42.2708,-72.6722,
Williamsburg  Virginia,http://members.cox.net/kg4kaw/,37.2756,-76.70973,
Ontario  New York,http://www.ourfishadventures.com/weather/,43.22129,-77.28496,
Franklinton  North Carolina,http://www.johnbeamer.com/wx/wxdata.htm,36.10224,-78.45755,
Long Beach  Washington,http://www.carmosaic.com/weather/index.php,46.35232,-124.05439,
Hillman  Minnesota,http://www.mlmweather.com/weatherdisplay/weather.htm,46.0025,-93.8939,
Milford  Massachusetts,http://www.pdfamily.com/weather/wd/,42.14297,-71.51653,
Lakemont  Georgia,http://www.lakerabunweather.com/,34.78056,-83.41617,
Mulvane  Kansas,http://www.croftjohnson.net/wx/,37.48718,-97.24441,
Campbellsport  Wisconsin,http://www.lutheransonline.com/newfanestjohn/weather,43.5902,-88.375,
Richmond  Minnesota,http://www.richmondmnweather.com/,45.45148,-94.52147,
Warwick Twp  (Bucks County) PA,http://www.warwickpaweather.net/,40.26538,-75.08549,
Taylor  Michigan,http://trkester1.home.comcast.net/weather/KMITAYLO3.htm,42.22656,-83.26334,
Fulton  Missouri,http://warped.bluecherry.net/~ed/,38.75177383,-91.96781921,
Northport  New York,http://www.geocities.com/northportweather/live/,40.90118,-73.34524,
Spearfish  South Dakota,http://krgh-spearfish.taja.org/,44.49057,-103.85909,
Lake Mary  Florida,http://www.lm-weather.com/,28.75642,-81.32309,
Bend  Oregon,http://www.bendweather.com/,44.05736,-121.31587,
Antelope  Oregon,http://www.wildhorsecanyon.org/weather/,44.90974,-120.72212,
Porterville  California,http://weather.manyjourneys.com/,36.07096,-119.01619,
Rosita  Colorado,http://www.kensweather.com/rositaweather/RositaWeather.htm,38.14223,-105.34106,
Longmont  Colorado,http://www.kensweather.com/,40.16391,-105.1005,
Imperial  Missouri,http://weather.xsintrk.net/,38.36892,-90.37647,
Benson  North Carolina,http://www.i40exit319weather.com/index.php,35.38186,-78.54868,
Clarkdale  Arizona,http://www.k7buc.org/wxdisp/,34.77148,-112.05597,
Wareham  Massachusetts,http://www.gateway2capecod.com/,41.75984,-70.72373,
Irving  Texas,http://tolerplace.dnsalias.com:5080/tolerplace.htm,32.81353,-96.9555,
Paeonian Springs  Virginia,http://www.the-taylors.us/,39.14982,-77.61457,
St. Petersburg  Florida,http://home.tampabay.rr.com/rocco/weather.htm,27.77116,-82.63932,
Thornton  Colorado,http://www.thorntonweather.com/,39.8692,-104.98482,
Denver  Colorado,http://www.reifheck.com/,39.7528,-105.0405,
Glenmoore  Pennsylvania,http://saitta-weather.com/,40.09044,-75.77409,
Wayne  New York,http://www.wanetawebcam.com/,42.47416,-77.09817,
Placerville  California,http://www.eldoradocountyweather.com/,38.72781,-120.80358,
Shreveport  Louisiana,http://www.luvretirement.com/wx/wxindex.php,32.514394,-93.713379,
Huron  Ohio,http://www.hulivwx.net/index.html,41.39091,-82.55839,
Saratoga  California,http://saratoga-weather.org/index.php,37.27471,-122.02295,
Leesburg  Virginia,http://www.quinnco.net/weather/CW5376.htm,39.11565,-77.5653,
Big Bay Michigan,http://www.bigbaywx.com/,46.84782,-87.83605,
Santa Cruz  California,http://www.weathercat.net,36.97404,-122.03093,
Arvada  Colorado,http://www.arvadawx.com/,39.80202,-105.08783,
Cottage Grove  Minnesota,http://zastera.com/wdl/,44.83369,-92.95322,
Aransas Pass  Texas,http://www.apweather.net,27.90371,-97.14854,
Glendora  California,http://www.glendoraweather.com/,34.136,-117.86483,
Masonville  NY,http://emasonvillewx.no-ip.org/weather/weather%20home.php,42.24093,-75.37652,
Oak Lawn  Illinois,http://www.aprs.pl/fx/wx.htm,41.72029,-87.75271,
Cave City  Kentucky,http://www.cavecountryweather.com,37.13875,-85.95948,
Balboa Park  San Diego  California,http://www.balboaparkweather.com/,32.7303,-117.146552,
Danville  Illinois,http://vermilionweather.com/,40.156311,-87.630386,
Thurmont  Maryland,http://www.ammenheuser.com/weather/,39.62089,-77.41319,
Gardner  Massachusetts,http://mysite.verizon.net/vzeprvpy/GardnerMAWeather.htm,42.57383,-71.9954,
Olin  Iowa,http://www.sandhillweather.com/,42.00017,-91.14192,
Nocona  Texas,http://www.noconawx.info/live,33.78646,-97.72748,
Ozark  Missouri,http://www.ozarkweather.com/,37.02129,-93.20633,
Phoenix  Arizona,http://www.azjerry.com/weather/,33.488726,-111.979523,
Oakland  California,http://www.oakland1e.com/wx.html,37.80504,-122.27303,
Angels Camp  California,http://www.angelscampweather.org/,38.07003,-120.54073,
Woonsocket  Rhode Island,http://trajnet.com/wdl/,42.00298,-71.51345,
Cardiff by the Sea  California,http://www.cardiffbytheseaweather.com/,33.03197,-117.28775,
Prattville  Alabama,http://www.prattvilleweather.com/,32.46186,-86.45067,
Evansville  Indiana,http://www.evansville-weather.com/,37.97691,-87.56412,
Mechanicsburg  Pennsylvania,http://mechanicsburgweather.com/,40.21316,-77.00836,
Snoqualmie  Washington,http://www.snoqualmieweather.com/,47.52702,-121.82474,
Penrose  North Carolina,http://web.citcom.net/~labwizard/weather.html,35.235278,-82.646667,
Fredericksburg  Virginia,http://home.comcast.net/~morrelli/,38.3009,-77.45912,
Napavine  Washington,http://pws.cablespeed.com/jjmcnelly/weather/weather.html,46.585,-122.905,
Webster  Minnesota,http://www.hometownzone.com/Weather/index.html,44.53472,-93.391724,
Salisbury  North Carolina,http://www.hsgoodman.org/KF4TViWX.html,35.722,-80.481,
Gardnertown  New York,http://www.theaviatornewspaper.com/weather_station/newburgh_weather.html,41.547778,-74.08,
http://www.weather-display.com/windy/gb/grahamsbeach.htm,http://www.weather-display.com/windy/gb/grahamsbeach.htm,-37.057763,174.664636,
http://www.41south.net.nz,http://www.41south.net.nz,-41.3335,174.821,
http://www.portunus.net.nz/weather/Prime.htm,http://www.portunus.net.nz/weather/Prime.htm,-36.847388,174.765733,
Waiuku  NZ,http://ps.gen.nz/~hamgap/waiuku.htm,-37.248026,174.731047,
Dunedin NZ,http://homepages.ihug.co.nz/~kags/,-45.871389,170.479167,
Gladstone  Wairarapa  NZ,http://www.wmac.org.nz/gladstoneweather/,-45.871389,170.479167,
Trentham  Hutt Valley  Wellington  NZ,http://www.wmac.org.nz/trenthamweather/,-45.871389,170.479167,
Silverstream  Hutt Valley  Wellington NZ,http://homepages.paradise.net.nz/lfduflou/Silverstreamweather.htm,-41.149722,175.006667,
Whitby  Porirua Wellington NZ,http://www.kiwiweather.co.nz/whitbyweather/,-41.114722,174.89,
Burwood  Christchurch  NZ,http://www.zl3gp.co.nz/wxlive,-43.490278,172.685556,
Wainui Beach  Gisborne  NZ,http://www.wainui.org/wdl,-38.667518,178.039241,
Island Bay  Wellington  NZ,http://joker.41south.net.nz/weather/weather.htm,-41.336897,174.772396,
Rotorua  NZ,http://www.geyserlandobservatory.org/weather/weather.html,-38.135833,176.203611,
Pongakawa  Near Te Puke  NZ,http://www.zanadu.info/weather/woodward.html,-37.782451,176.319408,
Weymouth  NZ,http://homepages.maxnet.co.nz/shabri/Weymouth_Weather.htm,-37.048841,174.863119,
Cambridge  NZ,http://www.cambridge.net.nz/weather,-37.917222,175.466667,
Ashburton  Canterbury  NZ,http://www.adc.govt.nz/weather,-43.902593,171.749268,
Timaru NZ,http://www.intdev.co.nz/,-44.392222,171.208333,
Hamilton NZ,http://www.hamiltonweather.co.nz/,-37.803056,175.297778,
Maungaraki  Lower Hutt NZ,http://www.huttweather.co.nz/,-41.208531,174.878725,
Rangiora  Canterbury  NZ,http://www.dwight.co.nz/,-43.298611,172.585,
Turakina  NZ,http://weatherlive.co.nz,-40.05,175.2167,
Manurewa  South Auckland  NZ,http://www.weatherpix.co.nz/,-37.018889,174.915278,
Fendalton  Christchurch  NZ,http://weather.cobbnz.com/,-43.5265,172.5882,
Kuratau  NZ,http://www.nzolives.net/nzolives.htm,-38.893571,175.76992,
Rolleston  NZ,http://delgary.net.nz/,-43.590361,172.378965,
Tokoroa  NZ,http://www.inmanavenue.com/,-38.20264,175.8645,
Tokoroa  NZ,http://tokoroa.dyndns.org,-38.236165,175.864378,
Timaru  NZ,http://homepages.ihug.co.nz/~kevinsmith/,-44.3968,171.250098,
Lower Hutt  NZ,http://www.weather.stokesvalley.co.nz/,-41.208429,174.904531,
Wellington  NZ,http://www.stokesclan.co.nz/weather/weatherlive/index.html,-41.208355,174.80819,
Alexandra  NZ,http://www.thelettuce.co.nz/wdlindex.html,-45.251666,169.388507,
Kerikeri  Bay of Islands  NZ,http://www.weather.radioyachting.com/,-35.183333,173.939444,
Camborne  Porirua  NZ,http://www.jethost.net.nz/~plimwx/,-41.090278,174.875833,
Massey Waitakere City NZ,http://www.weather-west.net/our_weather.htm,-36.841111,174.625278,
Mt. Roskill  Auckland  NZ,http://www.sanctuaryweather.co.nz/,-36.898333,174.739444,
Waimatuku  NZ,http://homepages.woosh.co.nz/cj.morris/WaimatukuWeather.html,-46.299194,168.164472,
Taihape  NZ,http://www.papakai.co.nz/,-39.671389,175.818611,
Westport  NZ,http://www.keoghanfarm.co.nz/wd.html,-41.758052,171.602253,
Oamaru Weston NZ,http://www.nzcacher.com/Weather/Weston.htm,-41.286315,174.804092,
Point Jerningham  Wellington  NZ,http://www.rpnyc.org.nz/index.php,-41.286315,174.804092,
Mauritius Africa,http://www.info-mauritius.com/weather-wetter/wx2.html,-20.344627,57.562866,
Noordhoek  Cape Town  South Africa,http://www.stephenc.co.za/weather/,-34.033315,25.633335,
Richards Bay   South Africa,http://www.ysh.co.za/general/weather.html,-32.0686,28.7559,
Lake Michelle  Noordhoek  Cape Town  South Africa,http://www.lakemichelle.org/weather/index.html,-33.915853,18.422248,
Madeira Island,http://levada.no.sapo.pt/Levada.htm,32.681389,-16.847778,
Walvis Bay Nambia Africa,http://www.cellstop.com.na/weather/walvisbay-live.html,-22.956667,14.513333,
Pinawa CanWarn,http://www.mts.net/~delaneyg/PinawaTown.htm,50.15082,-95.88074,
Columbia Beach  Parksville BC,http://www.bigwavedave.ca/ColumbiaWS.htm,49.351955,-124.362361,
Gordon's Beach  Sooke BC,http://www.bigwavedave.ca/GordonsWS.htm,48.374083,-123.85128,
Wingham  Ontario  Canada,http://www.am920.ca,43.88924,-81.31058,
Boat Bluff Lighthouse BC,http://www.brettphilp.com/weather,52.639939,-128.51532,
Nicolet  QuÈbec  Canada,http://sciences.csriveraine.qc.ca/meteo/WD/,46.22855,-72.61603,
Calgary Alberta,http://www.stormfarm.com/,51.04507,-114.06319,
Keld (Dauphin) Manitoba,http://users.xplornet.com/~rlupack/weather.html,51.146106,-100.054936,
Truro  Nova Scotia,http://davesweather.net/,45.3552,-63.299,
Abbotsford  BC,http://www.exophile.com/,49.029444,-122.297222,
Beckwith Township  Ontario,http://www.tamarackacres.com/taws/wx.html,45.1,-76.12,
Saskatoon  Saskatchewan,http://homepage.usask.ca/~mgw123/woodwther.htm,52.13051,-106.65933,
Virden  Manitoba,http://www.flbsd.mb.ca/weather/,49.84343,-100.933296,
Toronto  Ontario,http://www.celin-web.com/wdl/index.html,43.656389,-79.464167,
Duncan  British Columbia,http://www.duncanweather.ca/,48.791944,-123.742778,
Port Alberni  BC,http://zepplin.dyndns.org:8080/index2.html,49.23398,-124.80757,
Nelson  BC,http://www.fyrfytr.ca/weather/,49.49754,-117.28881,
Scarborough Toronto,http://gavinf.no-ip.com/~Gavin/Surf/WDL/WDL.html,43.778,-79.134,
Lethbridge Alberta,http://www.westlethbridgeweather.com/,49.69383,-112.83372,
Nanaimo BC   Vancouver Island Canada,http://www.nanaimoharewoodwx.com/wxweather/wxindex.php,49.15,-123.95,
Tokyo  Japan,http://park18.wakwak.com/~weather/,35.6578,139.4015,
Atlit  Israel,http://levi-coins.co.il/Weather/,32.685,34.936667,
Galilee Mountain Safed Israel,http://zafon.biz/safed/index.html,33.247876,35.634155,
Cyprus,http://www.cypenv.org/weather/,34.932104,33.406677,
Maceio Brazil,http://www.azulamarine.com.br/wdl/index.html,-9.654908,-35.733032,
San Antonio de Los Altos  Miranda State  Venezuela,http://www.yv5fih.org.ve/am/index.html,10.355278,-66.961667,
Anselmi  Brazil,http://tta.anselmi.com.br/weather/atual.htm,-32.85243,-52.728974,
Cayman Retreat  Grand Cayman,http://www.weatherincayman.com/,19.277778,-81.386111,
San German  Puerto Rico,http://www.gatos.ath.cx/wdisplay/index.html,18.081334,-67.041632,
Abaco Bahamas,http://www.rockybay.com/webcam_page.htm,26.383796,-77.291651,
Cayman Brac,http://weatherincayman.com/cyb/cyb.htm,19.713061,-79.817734,
Ambergris Caye  Belize,http://sanpedroweather.com/,17.8925,-87.979167,
Moranbah  Queensland  Australia,http://www.kruckysweather.org,-22.040652,148.054124,
Warragul  Australia,http://weather.mscw.vic.edu.au,-38.158819,145.913855,
Nightcliff  Darwin  NT Australia,http://www.northauschasers.com,-12.387942,130.849995,
Deeragun North Queensland  Australia,http://users.tpg.com.au/adsl7ytk/weather/wdl/index.html,-19.24572,146.677227,
Mareeba  QLD-Australia,http://www.gorgecreekorchards.com.au/,-17.037778,145.333333,
Victoria Australia,http://www.users.on.net/~vk3jtm/weather.html,-36.5588,145.468994,
Adelaide  Australia,http://weather.bakershome.com,-34.92577,138.599732,
Portland  Victoria  Australia,http://www.portlandbayweather.com/,-38.349196,141.587677,
Conder  Canberra ACT  Australia,http://www.conder-act.com/weather/Conder.htm,-35.456295,149.094031,
Mount Beauty Victoria Australia,http://www.bogongmoth.com.au/liveweather.htm,-36.744505,147.171354,
Elanora Heights  NSW  Australia,http://www.robnicholas.com.au/,-33.695012,151.28015,
Meekatharra Australia,http://members.westnet.com.au/banni/,-26.591164,118.496352,
Birregurra  Victoria  Australia,http://www.webstyle.com.au/weather/display.html,-38.333056,143.783056,
Lyndhurst Hill (Dayboro  QLD) Australia,http://www.lyndhurst-hill.info/,-27.18,152.833056,
Geraldton  Western Australia,http://weather.seacrestestate.com/,-28.808,114.63,
Logan Village Queensland Australia,http://www.loganvillageweather.com/,-27.767054,153.116881,
Blaxland  N.S.W.  Australia,http://www.blaxlandweather.com/,-33.743611,150.62,
Geelong  Victoria  Australia,http://www.geelongweather.com/,-38.14729,144.360735,
Milsons Passage Australia,http://www.milsonspassage.com.au/weather/index.html,-33.518967,151.176541,
HamylnHeights Geelong  Victoria  Australia,http://hamlynheightsweather.com/,-38.1228,144.322,
Longford  Tasmania  Australia,http://people.aapt.net.au/~tell18/,-41.595849,147.121761,
Queanbeyan  NSW Australia,http://members.iinet.net.au/~muscats/weather/wx2.html,-35.383056,149.232222,
Jerrabomberra  New South Wales  Australia,http://weather.senapsys.com/,-35.38,149.206389,
Rivervale  Perth  Western Australia,http://www.tkup.net/data/,-31.962597,115.914863,
Brisbane Australia,http://www.rabybay.org/index1.htm,-27.519722,153.264444,
Armidale  NSW Australia,http://www.armidaleweather.com/,-30.514166,151.668986,
Bathurst  NSW Australia,http://vineyard.stockmansridge.com.au/,-33.41978,149.574258,
Fremantle  Western Australia,http://www.southfreo.com/,-32.059609,115.748627,
Helensburgh   NSW   Australia,http://www.helensburghweather.com/,-34.182778,150.989444,
White Gum Australia,http://www.whitegumfarm.com.au/,-31.871389,116.938889,
Victoria  Australia,http://www.users.on.net/~jnmdh/index.html,-37.332222,148.234167,
Banksia Park  Adelaide  South Australia,http://trev.id.au/weather/,-34.812429,138.726597,
Mont Albert North  Victoria  Australia,http://bolch.com.au/weather,-37.797778,145.107778,
Lithgow  NSW  Australia,http://www.lithgowlights.com/weather/,-33.480068,150.157987,
Gladstone Queensland Australia,http://users.tpg.com.au/pwta/website/index.html,-23.842101,151.250819,
Meredith  Victoria  Australia,http://www.farmworks.com.au/weather/,-37.83405,144.062565,
Lillico  Victoria  Australia,http://members.dcsi.net.au/colnrob/website/,-38.122703,145.983115,
Tom Price Western Australia,http://www.tpweather.com/wx4.html,-22.696843,117.785156,
Padstow  NSW  Australia ,http://www.thenswcc.com/weather/,-33.955,151.027778,
Sydney  Australia,http://www.trevandsteve.com/weather/wx.html,-33.865783,151.226463,
Cloughfern  Newtownabbey  Ireland,http://sproule.co.uk/weather/,54.68677,-5.924807,
Arklow County Wicklow Ireland,http://www.arklowweather.com/,52.795756,-6.15715,
Scrabster  Scotland,http://www.tugmistress.co.uk/,58.606662,-3.554454,
Marykirk Aberdeenshire,http://www.marykirkweather.com/,56.783889,-2.513611,
Tayside  UK,http://www.carseweather.co.uk,56.65,-3.45,
Ashington  UK,http://www.north-seaton.co.uk,55.182004,-1.578083,
Billingham  UK,http://homepage.ntlworld.com/d.e.martin/,54.58798,-1.289048,
Ballaugh  Isle of Man  UK,http://www.hc-iom.co.uk/weather/ballaugh.htm,54.311717,-4.542847,
Blackpool  UK,http://blackpool.weather-watch.com/,53.814165,-3.053514,
Chatburn in Lancashire,http://www.chatburn-weather.co.uk/,53.894444,-2.358611,
Grantham  Lincolnshire,http://grantham.wxstation.co.uk,52.915423,-0.640277,
Peterborough  UK,http://www.paulwilman.com,51.376667,-2.373889,
Costessey  Norwich  UK,http://www.afford.me.uk/weather,52.659186,1.210019,
Horfield  Bristol  UK,http://www.martynhicks.co.uk/weather/data.php,51.486915,-2.583316,
Isle of Wight Weather Station (GBR),http://www.isleofwightweather.co.uk,50.698089,-1.301365,
Clanfield  Hampshire  UK,http://www.clanfieldweather.co.uk,50.942778,-1.000556,
Great Bealings  Suffolk  UK,http://www.philholmes.net/weather/,52.093396,1.2565,
Colchester  Essex  UK,http://www.jbest.net/weather/weatherNow.aspx,51.9,0.9,
Harpenden  UK,http://www.harpendenweather.co.uk,51.81532,-0.355713,
Broadstairs (GBR),http://www.stella-maris.org.uk/wx.shtml,51.358984,1.439498,
Maidstone  Kent  UK,http://www.stubberfield.net/weather/index.html,51.270337,0.523841,
Bromley  Kent  UK,http://www.jon00.me.uk,51.405683,0.01435,
Uckfield  East Sussex  UK,http://www.tamzen.me.uk/weatherindex.html,50.972455,0.097117,
Bexhill-On-Sea  East Sussex UK,http://www.pebshamweather.co.uk,50.849895,0.470544,
Eastbourne  UK,http://www.sovereignharbourweather.co.uk/,50.766868,0.284804,
Isle of Skye Scotland,http://www.carbostweather.co.uk,57.451021,-6.28434,
Isle of Skye Scotland,http://www.newchurchweather.co.uk/wdweather/index.html,50.664544,-1.208337,
Carlingford Lough Ireland,http://www.haugheyair.com/weather/rostrevor.htm,54.042937,-6.186093,
Prestatyn North Wales,http://www.prestatynweather.co.uk/mymet.htm,53.335402,-3.40632,
Central Newport Isle of Wight,http://www.prestatynweather.co.uk/mymet.htm,50.69848,-1.296565,
South Shields Tyne and Wear  England,http://www.southshields.metsite.com,54.995797,-1.427705,
Thorverton  Exeter UK,http://rosepark.net/WeatherDisplay/rosepark.htm,50.808163,-3.528733,
Downton  Wilts  UK,http://www.hurford.me.uk/weather.asp,50.992831,-1.741644,
Burton upon Trent  England,http://www.gfc-local.com/burtonweather/data/paulsweather.htm,52.806875,-1.643034,
Newenden Kent UK,http://www.newendenweather.co.uk/,51.015441,0.614025,
Higham  Lancashire  UK,http://www.higham-weather.com/,53.824602,-2.291922,
Gloucester  UK,http://www.severntales.co.uk/,51.811216,-2.172686,
Bream  Lydney  Gloucestershire  UK,http://myweb.tiscali.co.uk/g0sdd/Weather.htm,51.746582,-2.575816,
Cranfield  Bedfordshire  UK,http://www.samares.net,52.068517,-0.608761,
Perranporth  Cornwall  Uk,http://www.sueandalan.plus.com/data/weatherdisplaylive.html,50.343713,-5.154641,
Charlbury  Oxfordshire  England,http://www.dora.abelgratis.com/assets/Charlbury_Weather.html,51.872787,-1.481935,
Polmont  Scotland,http://www.polmontweather.co.uk/,55.990895,-3.70925,
Lochgelly  Fife  Scotland,http://www.fifeweather.co.uk/,56.129391,-3.309759,
Crondall UK,http://www.crondallweather.co.uk/,51.233089,-0.863381,
Bournemouth Dorset England,http://www.g8ajn.tv/,50.717765,-1.879349,
Burnham-on-Crouch  Essex  UK,http://www.burnhamoncrouchweather.com/,51.625269,0.821993,
Eoropie  Isle of Lewis UK,http://www.gm7pbb.co.uk/,58.502729,-6.263817,
Powys  Wales UK,http://weather.tamaris.org.uk/,52.327166,-3.439499,
Ruthin  North Wales  UK,http://www.rhuthunweather.co.uk/,53.114949,-3.309212,
Cheadle  Staffordshire  UK,http://www.staffordshire-moorlands.co.uk/weather/paddock.html,52.988353,-1.987391,
Devon UK,http://www.canigou.co.uk/bishopsteignton.htm,50.724216,-3.783807,
Rhos on Sea  Colwyn Bay  Conwy  North Wales  UK,http://www.northwalesweather.co.uk/,53.306699,-3.748383,
Sandhurst  Berkshire  UK,http://www.sandhurstweather.org.uk/,51.345819,-0.799922,
Skelton in Cleveland  UK,http://www.weatherwatcher.me.uk/,54.56026,-0.988197,
Lancaster  UK,http://www.bayhorse-lancaster.co.uk/,54.049586,-2.798432,
Winchester  Hampshire  UK,http://www.winchesterweather.org.uk,51.06294,-1.316504,
Invergordon  Scotland,http://www.invergordonweather.co.uk/Index.htm,57.689072,-4.169386,
Elgin  Moray  Scotland  UK,http://www.munrobaggins.co.uk/wdisplay32/elginweather.htm,57.646377,-3.315352,
Hackney  UK,http://www.hackneyfree.hackney.sch.uk/curriculum/geography/weather.asp,51.545786,-0.055418,
Ashington  West Sussex  UK,http://www.ashingtonwx.co.uk/,50.933558,-0.38995,
Great Doddington UK,http://weather.t49.net/,52.274146,-0.708653,
Great Doddington UK,http://www.hereford-weather.co.uk/html/default.shtml,52.055992,-2.717547,
Greenlaw  Scottish Borders  UK,http://www.nptohc.co.uk/weather/,55.706832,-2.461584,
West Malling Kent UK,http://pleasantview.co.uk/wdl/,51.29461,0.40888,
Brixham  Devon UK,http://www.uptonmanor.eclipse.co.uk/weatherdisp/wdlindx.html,50.394048,-3.51602,
Coalville  Leicestershire  UK,http://www.photoweather.com/aws/,52.723867,-1.369065,
Windsor UK,http://www.snglinks.com/wx/,51.479995,-0.605996,
Deanshanger UK,http://www.deanshangerweather.co.uk/,52.051004,-0.891724,
Milford Haven  Pembrokeshire  Wales  UK,http://www.woodyswoodwork.co.uk/weather.htm,51.711553,-5.029135,
Hornsea  East Yorkshire  UK,http://www.hornseaoldandnew.co.uk/weather/weather.htm,53.912263,-0.167119,
Eye Peninsula  Isle of Lewis  Scotland,http://www.hebrides-photos.com/weather/index.php,58.25,-6.15,
Devon  England,http://www.lucidia.co.uk/weather/,50.752486,-3.278722,
Cragg Vale  Hebden Bridge  West Yorkshire  England,http://www.pcuk.net/,53.707787,-1.995632,
Talisker Bay  Isle of Skye  Scotland,http://www.talisker.skye.btinternet.co.uk/weather.htm,57.28229,-6.457214,
Lower Earley  Reading  England,http://www.mcboz.com/weather/,51.424637,-0.931884,
Hastings  UK,http://1066weather.co.uk/,50.855346,0.572475,
Farnham  Surrey  UK,http://www.g3zss.co.uk/WeatherDisplay/index.html,51.214127,-0.795706,
Woking  Surrey  UK,http://www.sangwell.com/weather/,51.316806,-0.55908,
Newquay Cornwall UK,http://www.newquayweather.com/,50.413608,-5.083364,
Bexley  Kent  UK,http://www.zen19797.zen.co.uk/indexW.html,51.441355,0.14861,
Bristol  UK,http://www.uwe.ac.uk/estates/weatherdisplay/weatherpages/mainweatherpage.shtml,51.500208,-2.547519,
Worthing UK,http://www.worthing-weather.com/,50.814711,-0.371387,
Desborough  Northamptonshire  UK,http://www.bashys-place.com/weather/,52.440202,-0.820573,
Sunbury on Thames England,http://www.sunburyweather.co.uk/,51.406577,-0.413884,
Crouch End  London UK,http://www.crouchendweather.co.uk/,51.581204,-0.123257,
Fareham  Hampshire  UK,http://www.farehamweather.co.uk/,50.851453,-1.179016,
Holsworthy UK,http://www.ianedwards01.co.uk/live/,50.810412,-4.353773,
Grays Essex UK,http://www.graysweather.co.uk/,51.47521,0.325283,
Cwmparc  Treorchy  South Wales  UK,http://www.derrylynne.co.uk/cwmweather/wx.php,51.652978,-3.518769,
Broxwood  Herefordshire  England,http://www.casparmason.com/wdl/,52.183046,-2.9274,
Brent Knoll UK,http://www.baggs.co.uk/weather/index.html,51.250331,-2.954768,
Rugeley  Staffordshire UK,http://www.imagearchitect.co.uk/weather.html,52.757038,-1.93461,
Harwich  Essex  UK,http://www.harwichweather.com/,51.937639,1.281623,
Culloden  Inverness Scotland,http://www.outdoorlife.nildram.co.uk/weatherlive/,57.490614,-4.132631,
Curry Rivel UK,http://www.petercrosland.plus.com/,51.022851,-2.868209,
Poole  Dorset  UK,http://members.lycos.co.uk/dorsetfarmer/,50.719412,-1.98113,
Liverpool  UK,http://www.merseysideweather.co.uk/,53.410777,-2.977838,
Jersey  Channel Islands,http://www.chaseruk1.co.uk/,49.21199,-2.127914,
Dalgety Bay  Fife  Scotland,http://www.dbweather.co.uk/,56.038339,-3.358653,
Riddlesden  Keighley  UK,http://www.riddlesden-weather.co.uk/,53.879724,-1.883119,
Stafford  UK,http://www.staffordweather.co.uk/,52.805143,-2.116347,
Leatherhead  Surrey  UK,http://www.lavendercam.net/weather/index.html,51.295784,-0.32593,
Penwortham  Preston  UK,http://www.penwortham-weather.org.uk/,53.74252,-2.717799,
Ampthill  Bedfordshire  UK,http://www.ampthillweatherstation.info/,52.027361,-0.49524,
Glen Vine  Isle of Man  UK,http://www.glenvineweather.org.im/,54.177754,-4.544878,
Thetford  UK,http://www.thetfordweather.co.uk/,52.359484,0.240714,
Bollington  Cheshire  UK,http://www.auwo89.dsl.pipex.com/,53.293572,-2.110135,
Andover  Hampshire  UK,http://www.weatherlive.org.uk/,51.209318,-1.478352,
Nantymoel  Bridgend  South Wales UK,http://www.nantymoel.co.uk/index.html,51.624402,-3.540036,
Elgol  Isle of Skye  Scotland,http://www.isleofskyeweather.org.uk/24elgol/,57.1546,-6.0907,
Medway Valley  Kent UK,http://www.halling-weather.co.uk/,51.344848,0.451158,
Sidley  East-Sussex  UK,http://myweb.tiscali.co.uk/coastal/,50.85936,0.46555,
Sevenoaks  Kent  UK,http://www.sevenoaksprep.kent.sch.uk/weather/,51.2683,0.2259,
Brightlingsea  Essex  UK,http://www.sailbrightlingsea.com/live-weather.asp,51.806925,1.021366,
Ramsey  Cambs  UK,http://www.jizzyland.co.uk/weather/,52.451,-0.121,
Neway-Leucate France,http://www.neway-leucate.com/fr/meteo/meteo_leucate,42.90557,3.04109,
Vinnemerville France,http://visitnormandy.org/Normandy.nsf,49.807859,0.554981,
La Franqui France,http://www.dimensionkite.com/meteolive/stationmeteo.htm,42.930836,3.038948,
Ablis  France,http://meteo.on-web.fr/accueil.htm,48.515575,1.835615,
Fécamp  Haute-Normandie France,http://www.altocumulus.net,49.758536,0.375767,
Jersey  Channel Islands France,http://www.utting.org/weather/jersey.html,49.224661,-2.151089,
Montesson  Yvelines  France,http://www.pele.org/meteo/WS2300.htm,48.907693,2.149036,
Chavagne France,http://palmak.info/meteo/index.html,46.339943,-0.31812,
Montauban  France,http://www.esperanza82.info/meteo/index.html,44.017575,1.358914,
Fontenay-Mauvoisin  France,http://villa-arcadia.fr/meteo/wdl/,48.965385,1.652682,
Ile de Ré  France,http://www.jf-i2r.com/,46.200837,-1.409141,
Cernay France,http://www.meteolive-cernay68.fr/,49.226321,4.764184,
Clamart  France,http://www.plebraud-baobab.org/Default3.htm,48.799103,2.262465,
Voisins le Bretonneux  France,http://ajuglas.free.fr/meteo/,48.759536,2.03902,
Grenoble  France,http://www.sweetwebhome.com/?show=weatherlive,45.194276,5.731634,
Puerto Mogan  Gran Canaria  Spain,http://www.internetmogan.com/english/weather.php,27.790475,-15.707273,
La Viñuela Malaga Spain,http://www.meteomalaga.com/,36.862802,-4.141331,
Elche (Alicante) Spain,http://www.meteoelche.com/,38.261656,-0.703067,
Gibraltar  Spain,http://www.gibraltarweather.com/,36.143281,-5.35326,
Fals Fonollosa Spain,http://www.nins.biz/meteofals.html,41.753449,1.732471,
Sant Martí de Canals - Catalonia Spain,http://www.casacota.cat/meteo/,42.226111,0.991111,
Vilafranca del Penedès  Spain,http://www.tempsvila.net/,41.34509,1.69985,
Alpedrete  Spain,http://www.mol.es/meteo/alpedrete.htm,40.658754,-4.023713,
Rabanal del Camino  Spain,http://personal.telefonica.terra.es/web/talonso/,42.481352,-6.285344,
Sant Fruitós de Bages,http://meteosantfruitos.blogdns.com/,41.752778,1.873056,
Lasarte-Oria Spain,http://meteolasarte.zitekonline.com/,43.268,-2.019,
Palma de Mallorca-Spain,http://www.meteopalma.com/,39.554444,2.691389,
Lanjaron  Alpujarras Spain,http://www.spanishhighs.co.uk/weatherlive/index.html,36.919,-3.469,
Figueira da Foz Portugal,http://www.geocities.com/rfslourenco/Index.html,40.150784,-8.851213,
Coimbra  Portugal,http://www.luisalmeida.web.pt,40.211491,-8.429201,
Abrantes  Portugal,http://meteoabrantes.no-ip.info,39.463333,-8.198889,
Gardolo Italy,http://meteogardolo.altervista.org/dati.htm,46.108518,11.114763,
Castellarano (RE) - Italy,http://lnx.rebottini.it/mk/,44.511548,10.730658,
Livorno Italy,http://www.clicklivorno.com/stazionemeteo.html,43.551876,10.308011,
Naples  Italy,http://www.campaniameteo.it/NapoliMeteo/NAPOLIultimaosserv.htm,40.839997,14.252871,
Foggia Meteo Italy,http://www.foggiameteo.com/,41.462335,15.5447,
Bari Italy,http://www.meteobitritto.com/,41.126053,16.86929,
Brescia  Italy,http://www.nonsolometeo.com/,45.539773,10.222939,
Montecchio Maggiore (VI) Italy,http://www.meteomontecchio.com/,45.504691,11.405833,
Piateda (SO) Italy,http://www.meteopiateda.it/,46.160648,9.936111,
Padergnone (TN) Italy,http://meteoweb.valledeilaghi.it/meteopadergnone/index.php,46.063148,10.990018,
Carmignano  Prato  Italy,http://www.meteocarmignano.it/,43.812352,11.016574,
Mori (TN) Italy,http://www.meteosarth.it/,45.852814,10.976181,
Castellanza  Varese  Italy,http://www.cippolaus.com/wdl.html,45.611946,8.898276,
Montagna in Valtellina Italy,http://www.meteomontagnavaltellina.it,46.179556,9.904074,
Ercolano  Campania  Italy,http://digilander.libero.it/meteo_ercolano/,40.806038,14.352857,
Fermo Italy,http://www.meteofermo.com/,43.16563,13.724222,
Turate  Italy,http://www.z1000.it/meteolive.html,45.658296,9.005315,
Pavia Italy,http://www.meteopavia.it/,45.18588,9.156594,
Fontanafredda  Italy,http://fontanafredda.altervista.org/,45.973668,12.569703,
Rovellasca CO Italy,http://www.meteorovellasca.it/,45.665481,9.05237,
Trieste  Italy,http://mgrisa.dnsalias.net/meteo/index.html,45.69467,13.74733,
Gozo Malta,http://gozo.ws/,36.044553,14.241028,
Ionia Thessaloniki Greece,http://www.sv2bzq.gr/,40.688611,22.860278,
Syros  Cyclades  Greece,http://www.syroswx.gr/,37.422501,24.948055,
Lamia  Greece,http://www.lamiawebcam.gr/,38.897263,22.454928,
Kenourgio Fthiotidas Greece,http://www.aganet.gr/,38.791423,22.724018,
Athens Greece,http://users.otenet.gr/~npapadak/,37.97918,23.716647,
Inndalsveien  Norway,http://www.lynradar.no,60.366716,5.350084,
Sandsøya Norway,http://www.sandsoyveret.com/,62.25279,5.441897,
Bergen  Norway,http://www.benar.net/,60.388072,5.331851,
Dalsliene Norway,http://home.online.no/~da-eng/Dalsliene.html,59.752093,10.823936,
Oslo  Norway,http://www.ammerud.com/diverse/vaer/live.html,59.962325,10.874178,
Geilo  Norway,http://geilo.weather.pghallingdal.com/,60.533428,8.20733,
Stavanger Norway,http://maritha.no/wd/mitas.htm,58.964424,5.72626,
Vikhammer Norway,http://www.kbnorway.com/weather,63.435654,10.614731,
Oppdal  Norway,http://www.mamo.no/vaer/Vikaveien.htm,62.597035,9.695359,
Forsand Norway,http://www.brannmann.com/veret/indexen.html,58.899347,6.092566,
Lindås  Norway,http://www.vigesdal.net/weather/,60.73684,5.16123,
Tromsø  Norway,http://www.slydahl.no/Weather/Weather_Display.htm,69.66126,18.95027,
Tromsø  Norway,http://www.thorheim.no/Weather_Display1.htm,69.661502,18.950729,
Skibotn  Norway,http://www.thorheim.no/WeatherSkibotn.htm,69.391111,20.272475,
Inndyr  Norway,http://www.meloy.nfk.no/inndyr/,67.033801,14.027547,
Hemnesberget Norway,http://www.hemnes.org/,66.224162,13.62445,
Morvikveien Bergen Norway,http://www.morvikveien.com/live.html,60.470492,5.275021,
Stord Norway,http://www.cv-helios.net/weather/IHOSAGVA1.html,59.7883,5.3637,
Bogafjell  Sandnes  Norway,http://www.helgaland.no/,58.823168,5.756111,
Rognan  Saltdal  Norway,http://www.dragefossen.no/wdl/index.html,67.100406,15.396409,
Korshamn  Norway,http://www.korshamn.net/,58.0233,7.000814,
Drammen  Norway,http://dt.no/vaer/,59.745105,10.213452,
Jæren  Norway,http://www.maritha.no/Weather.htm,58.659167,5.656389,
Konnerud  Drammen  Norway,http://www.runarweb.com/,59.720667,10.144501,
Engerdal  Norway,http://ogbakken.net/weather.html,61.757495,11.961375,
Lerum  Sweden,http://www.sm6kiw.se/,57.769447,12.268757,
Vendelsö  Sweden,http://weather.grevsten.se/myweather.html,59.198579,18.188395,
Atvidaberg  Sweden,http://vader.atvidaberg.se,58.201523,15.9971,
Farjestaden  Island of Oland  Sweden,http://cpgp.cjb.net/wx/,56.781527,16.759868,
Orust Sweden,http://www.bjornberg.eu/,58.236944,11.665833,
Malmö Sweden,http://familjenhakansson.se/html/live_vader.html,55.603331,13.001303,
Kista  Stockholm Sweden,http://soloregn.se,59.40248,17.944324,
Östersund  Sweden,http://www.guwabra.se,63.17916,14.635659,
Hasslösa Sweden,http://www.hasslosa.se/,58.428697,13.272846,
Otterbäcken Sweden,http://www.webcam-sweden.se/,58.947855,14.039915,
Vallåkra  Sweden,http://www.vallakra.eu/,55.963062,12.864115,
Malmö Sweden,http://hem.bredband.net/caroline_andersson/,55.593867,12.992706,
Rönnskär Sweden,http://www.petbull.se/wdl/index.php,64.669637,21.262558,
Stenestad Sweden,http://www.stenestad-vader.com/,56.053843,13.100472,
Gislaved  Sweden,http://vader.gislaved.se/,57.303959,13.541114,
Luleå  Sweden,http://hagaviken.d2g.com/temperatur/,65.584157,22.154749,
Helsingborg  Sweden,http://www.vadretihelsingborg.se/,56.046872,12.695285,
Abborrkroken  Sweden,http://www.abborrkroken.nu/wdl/,59.3796,18.635214,
Kullahagen Vassmolösa  Sweden,http://www.sm7tvz.com/vader/index.html,56.34,16.1,
Svendborg Denmark,http://www.b-n-s.dk,55.059755,10.606868,
Jaegerspris  Frederiksborg  Denmark,http://www.oz1iep.dk/vejr/,55.855254,11.983455,
Skovlunde  Copenhagen  Denmark,http://www.ingevidare.se/,55.7273,12.4058,
Ølstykke  Denmark,http://www.oelstykke-vejr.dk,55.783781,12.174121,
Visby  Thy  Denmark,http://www.kalleroelle.dk/,55.010763,8.780415,
Sjælland  Denmark,http://www.vejr3.dk/,55.284824,11.710453,
Nordby  Fanoe  Denmark,http://www.fanoevejr.dk/,55.445532,8.403747,
Roskilde  Denmark,http://www.ved-kirken.dk/Vejr/,55.641486,12.080418,
Sønderho Denmark,http://www.vejret.6720.dk/,55.349578,8.466661,
Arloese Denmark,http://www.vejr.arloese.dk/,55.276382,11.554789,
Aalborg Denmark,http://www.vhf-online.dk/weather/index.html,57.047225,9.920104,
Stenløse Denmark,http://www.majbrittogmichael.dk/vejret/,55.767457,12.197478,
Silkeborg Denmark,http://www.silkeborg-vejret.dk/,56.182778,9.507222,
Agerskov  Denmark,http://www.vagnhansen.eu/tingvej.htm,55.130148,9.128851,
Oster-Manhay Belgium,http://users.skynet.be/oster/meteo/Oster_Manhay.htm,50.274096,5.656626,
Ekeren Belgium,http://www.akker.be/car/index.php,51.277136,4.418265,
Céroux-Mousty Ottignies Belgium,http://users.skynet.be/on4mbl/,50.660253,4.514009,
Lasne Belgium,http://www.gdernelle.tk/,50.686515,4.48432,
Tinlot Belgium,http://www.exometeofraiture.net/page1bis-weather_display_live.html,50.477803,5.376713,
Ravels Belgium,http://www.meteo-ravels.be/,51.371619,4.994366,
Heist aan zee  Belgium,http://www.weerstationheist.be/,51.371619,4.994366,
Bovenkarspel  Netherlands,http://home.hccnet.nl/john.jackson,52.689444,5.239444,
Heerhugowaard  Netherlands,http://www.weerstationheerhugowaard.nl,52.66954,4.84719,
Vleuten  Netherlands,http://www.wulfert.nl,52.106824,5.010607,
Hilversum  Netherlands,http://www.weerstationhilversum.nl,52.22399,5.170999,
Purmerend Netherlands,http://weer.khoe.nl/,52.509935,4.945018,
Doornenburg Lingewaard  Netherlands,http://www.doornenburgweer.nl/,51.890959,6.001359,
Zaandam Netherlands,http://www.weersverwachtingen.eu/,52.438668,4.825484,
Dirkshorn Netherlands,http://home.hetnet.nl/~duive/,52.74965,4.778322,
Oenkerk Netherlands,http://www.xs4all.nl/~bleekerk/,53.253746,5.895695,
Huins  Netherlands,http://www.meteohuins.nl,53.160022,5.667865,
Bemmel  Netherlands,http://www.bemmelweer.nl,51.892601,5.89694,
Nieuwerkerk aan den IJssel  Netherlands,http://www.meteoijsselenlek.nl,51.969902,4.605314,
Uithuizermeeden Netherlands,http://www.weerstationuithuizermeeden.nl/,53.413168,6.72295,
Hilversum Netherlands,http://weer.beun.net/hilversum2.php,52.222121,5.160828,
Amsterdam Netherlands,http://www.airforces.org/weather/weather.htm,52.373812,4.890951,
Delft Netherlands,http://www.weerindelft.nl,52.011899,4.360257,
Bleiswijk  Netherlands,http://www.meteo-bleiswijk.nl,52.0125,4.545278,
Beverwijk Netherlands,http://www.weerinderegio.nl/,52.485772,4.658152,
Dongjum  Netherlands,http://www.meteonoordwest.nl/,53.209289,5.54352,
Boven - Leeuwen  Netherlands,http://www.osjohn.nl/weatherdisplay%20live/live.html,51.88431,5.555819,
Nieuw-Vennep the Netherlands,http://www.halfbewolkt.nl/,52.264743,4.633502,
Schortens Germany,http://www.wetter.famri.de/wetter.html,53.547222,7.955,
Emsdetten Germany,http://www.wetter-emsdetten.de/html/home.html,53.175776,7.527406,
Königslutter am Elm Germany,http://www.wetter-in-koenigslutter.de,52.252389,10.816819,
Cologne  Germany,http://www.wetter-2u.de,50.940664,6.959912,
Friedberg  Germany,http://wetter61169.de,48.354869,10.979685,
Bruehl Germany,http://www.sonne-regen-schnee.de,50.826136,6.901549,
Villingen-Schwenningen Germany,http://www.vs-webcam.de/fr_wdl.htm,48.05539,8.460072,
Schluchsee Germany,http://www.schluchsee.org/,47.819061,8.181185,
Borkum  Niedersachsen  Germany,http://www.van-jindelt-borkum.de/wetter.htm,53.580919,6.691504,
Horneburg Germany,http://www.wetter-horneburg.de/,53.506615,9.575477,
Cottbus-Merzdorf Germany,http://www.jens-tornow.de/wetter,51.775625,14.381828,
Karlsruhe Germany,http://www.wetterstation-karlsruhe.de/,49.008085,8.403756,
Ertingen  Germany,http://wetter.bkh-wahl.homeip.net/,48.097493,9.462333,
Böhl-Iggelheim  Germany,http://home.vrweb.de/~kskoetsch/Wetter/,49.368817,8.307403,
Plettenberg  Germany,http://www.plettenberg-wetter.de,51.206668,7.870331,
Hilden  Germany,http://www.hildenwetter.de/,51.166721,6.93125,
Adliswil  Switzerland,http://www.swissberli.org,47.311756,8.525527,
Oberthal  Switzerland,http://emmewetter.de,46.916672,7.672301,
Geneva Switzerland,http://astrosurf.com/skylover/meteo/index.htm,46.20381,6.139959,
Wohlen  Switzerland,http://www.wetterstation-wohlen.ch,47.349431,8.276438,
Oberbözberg  Switzerland,http://www.wetter-oberboezberg.ch/,47.497019,8.154664,
Břehy Czech Republic,http://weather.mjsys.cz/w/MJ.php,50.5655,15.0658,
Pocatky - Vysocina Czech Republic,http://meteo-jirkalina.com/,49.259708,15.239631,
Brumov-Bylnice  Czech Republic,http://www.pocasibrumov-bylnice.cz/,49.090328,18.022417,
Slapanice  Czech Republic,http://slapnet.cz/?idzal=0&amp;okno=poca1,49.163,16.731,
Salo  Finland,http://www.nordicweather.net/,60.385743,23.126201,
Virkkala  Finland,http://saa.ekiwx.net,63.526602,23.718935,
Kimito Finland,http://www.helmroos.com/cam/webcam.html,60.168991,22.74341,
Ajos Finland,http://www.ajosweather.com,65.675886,24.580783,
Kirkkonummi Finland,http://www.kirkkonummen-taxi.fi,60.124261,24.43823,
Teuva Finland,http://www.teuva.fi/wdl/,62.481621,21.741687,
Veszprém Hungary,http://www.palmay.hu/weather/,47.092967,17.913785,
Stambolijski  Bulgaria,http://www.stamb.net/weather/stambnet.htm,42.127,24.524,
Escaldes Engordany  Andorra,http://el-viking.andorra.name/meteo/liveGB.htm,42.509059,1.542206,
Późna  Poland,http://www.aprs.pl/wxa/wx.htm,51.84412,14.618806,